"表面","裏面","カテゴリ"
"「メタ認知」ってなに？","自分の考え方や理解を、もう一人の自分が見張って、やり方を調整する力。","基本のことば"
"「自己効力感」ってなに？","「この課題なら自分はできそう」と思える見込み（自信）。","基本のことば"
"自己効力感と「自己肯定感」のちがいは？","自己肯定感は「自分には価値がある」という気持ち。自己効力感は課題ごとの「できそう」という自信。","基本のことば"
"勉強を車にたとえると、メタ認知と自己効力感はそれぞれ何？","メタ認知はメーター（計器）、自己効力感はガソリン（燃料）。両方そろって前に進む。","基本のことば"
"自分で学びを回す「自己調整学習」の3つの要素は？","メタ認知・学び方（学習方略）・やる気（動機づけ）。","基本のことば"
"メタ認知の「モニタリング」と「コントロール」とは？","モニタリングは今どこまで分かっているかを見ること。コントロールはそれを見てやり方を変えること。","基本のことば"
"自信を育てる一番確実な方法は？","「できた！」という小さな成功（達成経験）を積み重ねること。","自信の育て方"
"自信のもとになる4つのものは？","①自分でできた経験 ②似た人の成功を見る ③理由のある励まし ④体や気持ちの状態。","自信の育て方"
"「代理経験」とは？","自分に近い人が成功したやり方を見て「自分にもできそう」と思うこと。","自信の育て方"
"効き目のある励まし方の例は？","「昨日のやり方なら今日も解ける」のように、理由のある励まし。","自信の育て方"
"テスト前に緊張したり疲れたりしたら、どう考える？","「能力がない」と思わず、体の状態として休む・整えるなどで対処する。","自信の育て方"
"課題はどのくらいの大きさに分けるといい？","今の自分が8割（80%）くらいできる大きさ。","自信の育て方"
"失敗したとき、まず何をする？","「自分はダメだ」とまとめず、次に変えることを1つだけ決める。","失敗したとき"
"失敗の原因を分ける3つのラベルは？","知識不足・手順ミス・状態（体調や環境）。","失敗したとき"
"原因が「知識不足」のときの対処は？","暗記カードを1枚足して、見る回数を増やす。","失敗したとき"
"原因が「手順ミス」のときの対処は？","解き方の型（チェックリスト）を1枚作る。","失敗したとき"
"原因が「状態」のときの対処は？","内容は変えず、勉強する時間帯や場所を変える。","失敗したとき"
"すらすら読めただけで「分かった」と思いこむことを何という？","流暢さの錯覚（分かったつもり）。","分かったつもり対策"
"「閉じて書く」（検索練習）とは？","教科書やノートを閉じて、何も見ずに思い出して書くこと。","分かったつもり対策"
"答える前の自信はどう記録する？","答える直前に、0〜3の4段階でつける。","分かったつもり対策"
"いちばん直すべきミスはどれ？","自信3（自信満々）なのに間違えた問題。","分かったつもり対策"
"勉強の前に自分にする3つの質問は？","今日のゴールは1つ？ どこでつまずきそう？ 何を使う？","自分への質問"
"勉強の途中で自分にする2つの質問は？","今どこでつまずいている？ 別のやり方はある？","自分への質問"
"勉強の後に自分にする2つの質問は？","何がうまくいった？ 次に1つだけ変えるならどこ？","自分への質問"
"「自己説明」とは？","「なぜそうなるか」「知っている何とつながるか」を声に出して説明すること。","説明して覚える"
"「教えるつもり学習」のやり方は？","白紙に中学生向けの説明を書く。書けずに止まった所が理解の穴。","説明して覚える"
"「精緻的質疑」とは？","書いてあることに「なぜ？」と自分で問いかけ、理由を言葉にすること。","説明して覚える"
"単語アプリ（Ankiなど）で新しいカードは1日何枚まで？成功の基準は？","1日5〜20枚まで。正答率ではなく、予定の枚数を終えられたら成功。","毎日の実践"
"数学で解けないとき、どうする？","公式・方針・計算のどこで止まったかを見つけ、「式を立てる」などの小さな一歩も成功とみなす。","毎日の実践"
"明日からできる一番小さなアクションは？","勉強の最後の5分で「閉じて書く＋自信採点」をし、自信満々で間違えた所を1つ見つける。","毎日の実践"
