note_id,hint
1783553814596,hab-（持つ）+ -ity（性質の名詞）
1783553820909,a-（上に）+ broad（広い）
1783553827281,ab-（離れて）+ solv-（ほどく）+ -ly
1783553839974,ac-（へ）+ cess（行く）
1783553859007,ac- + com-（共に）+ mod-（尺度）
1783553871736,ac- + com- + plēre（満たす）
1783553875938,ac- + com- + pl-（満たす）+ -ment
1783553888571,ac-（へ）+ cord（心）+ -ly
1783553894901,ac-（へ）+ count（数える）+ -ancy
1783553901232,ac-（へ）+ cur-（注意）+ -ate
1783553907556,a-（へ）+ caput（頭）
1783553913900,ac-（へ）+ quir-（求める）
1783553920264,agere（行う）の語根。接辞なし
1783553933009,ad-（へ）+ apt（合う）
1783557430461,ab-（離れて）+ solv-（ほどく）+ -ly
1783557432554,ac-（へ）+ cept（取る）+ -ed
1783553939393,ad-（へ）+ apt（合う）+ -er
1783553945754,ad-（へ）+ dit（与える）+ -al
1783553952116,ad-（へ）+ equ-（等しい）+ -ate
1783553958503,ad-（へ）+ just（正しい）
1783553964932,ad-（へ）+ just（正しい）+ -ment
1783553971296,ad-（へ）+ ministr-（仕える）+ -ation
1783553977637,ad-（へ）+ mir-（驚く）
1783553984011,ad-（へ）+ mit（送る）
1783553990366,ad-（へ）+ mit（送る）+ -ance
1783553996784,ab- + ante（前）。in は前置詞
1783554003170,ab- + ante（前）+ -ed
1783554009529,avant（前）+ -age（名詞）
1783554015907,avant（前）+ -age + -ous
1783554022235,ad-（へ）+ vert（向ける）+ -ise
1783554028534,ad-（へ）+ vert（向ける）+ -ment
1783554034897,ad-（へ）+ vis（見る）。名詞形
1783554041217,ad-（へ）+ vis（見る）。動詞形
1783554047626,af-（ad-）+ fect（する）
1783554054029,古英語 ge-（強意）+ forth（前へ）
1783554060399,古英語 ge- + forth + -able（可能）
1783554066742,ag-（行う）+ -ency（名詞）
1783554073082,agere（行う）の動形容詞
1783554079440,a-（ad-）+ gree（喜ばしい）
1783554085746,a-（ad-）+ gree（喜ばしい）+ -able
1783554092105,a-（ad-）+ gree（喜ばしい）+ -ment
1783554098490,agri-（畑）+ cult-（耕す）
1783554104877,ad- + juv-（助ける）の短縮
1783554111192,aestim-（値を見る）。接辞なし
1783554117531,air（空気）+ line（線）の複合
1783554123845,ala（翼）由来。接辞なし
1783554130190,all'arme（武器へ）の短縮
1783554136556,語源不確実: ad- + loc-（置く）
1783554142901,alter（他方）+ -ative
1783554149248,ambi-（周り）+ it（行く）+ -ous
1783554155588,ē-（外へ）+ mend（欠点）
1783554161922,a-（へ）+ mount（山）
1783554168286,a-（へ）+ muse（見つめる）+ -ing
1783554174677,ana-（上へ）+ lys-（ほどく）
1783554181054,ana-（上へ）+ lysis（ほどくこと）
1783554187461,an-（へ）+ nounce（知らせ）+ -ment
1783554193834,in- + odi（嫌悪）+ -ing
1783554200202,ann-（年）+ -al（形容）
1783554206519,ante-（前）+ cip（取る）+ -ate
1783554212894,ang-（締めつける）+ -ous
1783554219236,apo-（離れて）+ log（言葉）+ -ize
1783554225984,ap-（へ）+ peal（駆る）
1783554232301,ap-（へ）+ pet（求める）+ -izer
1783554238665,ap-（へ）+ plic（折る）+ -ance
1783554245043,ap-（へ）+ plic（折る）+ -ant
1783554251393,ap-（へ）+ plic（折る）+ -ation
1783554257706,ap-（へ）+ ply（折る）
1783554264044,ap-（へ）+ point（点）
1783554270439,ap-（へ）+ point（点）+ -ment
1783554276785,ap-（へ）+ preci（値）+ -able
1783554283125,ap-（へ）+ preci（値）+ -ate
1783554289525,ap-（へ）+ preci（値）+ -ation
1783554295885,ap-（へ）+ preci（値）+ -ive
1783554302238,ap-（へ）+ prehend（つかむ）+ -ice
1783554308586,ap-（へ）+ proach（近く）
1783554314959,ap-（へ）+ propri（自分の）+ -ate
1783554321341,ap-（へ）+ prov（試す）
1783554327665,ap-（へ）+ proxim（最も近い）+ -ate
1783554334056,arbiter + -ate（動詞化）
1783554340402,単純語。接辞なし
1783554346771,arguere（明らかにする）。接辞なし
1783554353156,argu-（明らかにする）+ -ment
1783554359557,ar-（へ）+ range（列）
1783554365942,ar-（へ）+ range（列）+ -ment
1783554372288,as-（へ）+ simul（一緒）
1783554379674,as-（そば）+ sess（座る）
1783554386034,ad + satis（足りる）の短縮
1783554392391,as-（へ）+ sign（印）
1783554398713,as-（へ）+ sign（印）+ -ment
1783554405066,as-（そば）+ sist（立つ）
1783554411461,as-（そば）+ sist（立つ）+ -ance
1783554417796,as-（へ）+ sume（取る）
1783554424240,at-（へ）+ tach（留める）
1783554430658,at-（へ）+ tach（留める）+ -ment
1783554436992,at-（へ）+ tend（伸ばす）
1783554443373,at-（へ）+ tend（伸ばす）+ -ance
1783554449690,at-（へ）+ tent（伸ばす）+ -ive
1783554456132,at-（へ）+ tract（引く）
1783554462533,aud-（聞く）+ -ence
1783554468976,aud-（聞く）の名詞形。接辞なし
