note_id,deck_name,note_type,reason,lapses,interval,ease_factor,front_or_text
1783553814596,TOEIC英単語・意味,Basic,lapse,1,1,2300,ability<br>[sound:ukabdic018.mp3]
1783553820909,TOEIC英単語・意味,Basic,lapse,2,1,2250,abroad<br>[sound:ukabrea004.mp3]
1783553827281,TOEIC英単語・意味,Basic,lapse,1,1,2000,absolutely<br>[sound:ukabrea023.mp3]
1783553839974,TOEIC英単語・意味,Basic,lapse,1,1,2000,access<br>[sound:ukac___026.mp3]
1783553859007,TOEIC英単語・意味,Basic,lapse,4,1,1700,accommodate<br>[sound:ukacces011.mp3]
1783553871736,TOEIC英単語・意味,Basic,lapse,1,2,2300,accomplish<br>[sound:ukacces019.mp3]
1783553875938,TOEIC英単語・意味,Basic,lapse,1,4,2450,accomplishment<br>[sound:ukacces019.mp3]
1783553888571,TOEIC英単語・意味,Basic,lapse,1,1,2150,accordingly<br>[sound:ukacces024.mp3]
1783553894901,TOEIC英単語・意味,Basic,lapse,1,2,2300,accountancy<br>[sound:ukaccou001.mp3]
1783553901232,TOEIC英単語・意味,Basic,lapse,1,1,2300,accurate<br>[sound:ukaccou015.mp3]
1783553907556,TOEIC英単語・意味,Basic,lapse,1,1,2300,achieve<br>[sound:ukaceta008.mp3]
1783553913900,TOEIC英単語・意味,Basic,lapse,1,1,2300,acquire<br>[sound:ukacqua008.mp3]
1783553920264,TOEIC英単語・意味,Basic,lapse,1,1,2300,act<br>[sound:ukacqua027.mp3]
1783553933009,TOEIC英単語・意味,Basic,lapse,1,1,2300,adapt<br>[sound:ukactiv029.mp3]
1783557430461,TOEIC英単語・文脈,Cloze,lapse,1,1,2300,"まったく, 絶対に, 完全に<br>The food was {{c1::absolutely}} delicious."
1783557432554,TOEIC英単語・文脈,Cloze,lapse,1,1,2300,"（贈り物・申し出）を受け入れる, 受諾する<br>He {{c1::accepted}} the job."
1783553939393,TOEIC英単語・意味,Basic,fill,0,0,0,adapter<br>[sound:ukadapt005.mp3]
1783553945754,TOEIC英単語・意味,Basic,fill,0,0,0,additional<br>[sound:ukadapt016.mp3]
1783553952116,TOEIC英単語・意味,Basic,fill,0,0,0,adequate<br>[sound:ukadapt029.mp3]
1783553958503,TOEIC英単語・意味,Basic,fill,0,0,0,adjust<br>[sound:ukadher028.mp3]
1783553964932,TOEIC英単語・意味,Basic,fill,0,0,0,adjustment<br>[sound:ukadjus001.mp3]
1783553971296,TOEIC英単語・意味,Basic,fill,0,0,0,administration<br>[sound:ukadjus007.mp3]
1783553977637,TOEIC英単語・意味,Basic,fill,0,0,0,admire<br>[sound:ukadjus016.mp3]
1783553984011,TOEIC英単語・意味,Basic,fill,0,0,0,admit<br>[sound:ukadjus024.mp3]
1783553990366,TOEIC英単語・意味,Basic,fill,0,0,0,admittance<br>[sound:ukadjus025.mp3]
1783553996784,TOEIC英単語・意味,Basic,fill,0,0,0,in advance<br>[sound:ukadult007.mp3]
1783554003170,TOEIC英単語・意味,Basic,fill,0,0,0,advanced<br>[sound:ukadult008.mp3]
1783554009529,TOEIC英単語・意味,Basic,fill,0,0,0,advantage<br>[sound:ukadult010.mp3]
1783554015907,TOEIC英単語・意味,Basic,fill,0,0,0,advantageous<br>[sound:ukadult011.mp3]
1783554022235,TOEIC英単語・意味,Basic,fill,0,0,0,advertise<br>[sound:ukadult029.mp3]
1783554028534,TOEIC英単語・意味,Basic,fill,0,0,0,advertisement<br>[sound:ukadult030.mp3]
1783554034897,TOEIC英単語・意味,Basic,fill,0,0,0,advice<br>[sound:ukadver004.mp3]
1783554041217,TOEIC英単語・意味,Basic,fill,0,0,0,advise<br>[sound:ukadver007.mp3]
1783554047626,TOEIC英単語・意味,Basic,fill,0,0,0,affect<br>[sound:ukaerog018.mp3]
1783554054029,TOEIC英単語・意味,Basic,fill,0,0,0,afford<br>[sound:ukaffir011.mp3]
1783554060399,TOEIC英単語・意味,Basic,fill,0,0,0,affordable<br>[sound:ukaffir012.mp3]
1783554066742,TOEIC英単語・意味,Basic,fill,0,0,0,agency<br>[sound:ukage__008.mp3]
1783554073082,TOEIC英単語・意味,Basic,fill,0,0,0,agenda<br>[sound:ukage__009.mp3]
1783554079440,TOEIC英単語・意味,Basic,fill,0,0,0,agree<br>[sound:ukagita021.mp3]
1783554085746,TOEIC英単語・意味,Basic,fill,0,0,0,agreeable<br>[sound:ukagita022.mp3]
1783554092105,TOEIC英単語・意味,Basic,fill,0,0,0,agreement<br>[sound:ukagita024.mp3]
1783554098490,TOEIC英単語・意味,Basic,fill,0,0,0,agriculture<br>[sound:ukagita027.mp3]
1783554104877,TOEIC英単語・意味,Basic,fill,0,0,0,aid<br>[sound:ukaha__008.mp3]
1783554111192,TOEIC英単語・意味,Basic,fill,0,0,0,aim<br>[sound:ukaha__015.mp3]
1783554117531,TOEIC英単語・意味,Basic,fill,0,0,0,airline<br>[sound:ukairfi010.mp3]
1783554123845,TOEIC英単語・意味,Basic,fill,0,0,0,aisle<br>[sound:ukairwo004.mp3]
1783554130190,TOEIC英単語・意味,Basic,fill,0,0,0,alarm<br>[sound:ukairwo018.mp3]
1783554136556,TOEIC英単語・意味,Basic,fill,0,0,0,allow<br>[sound:ukallev015.mp3]
1783554142901,TOEIC英単語・意味,Basic,fill,0,0,0,alternative<br>[sound:ukaltar009.mp3]
1783554149248,TOEIC英単語・意味,Basic,fill,0,0,0,ambitious<br>[sound:ukamalg030.mp3]
1783554155588,TOEIC英単語・意味,Basic,fill,0,0,0,amend<br>[sound:ukambit018.mp3]
1783554161922,TOEIC英単語・意味,Basic,fill,0,0,0,amount<br>[sound:ukamort005.mp3]
1783554168286,TOEIC英単語・意味,Basic,fill,0,0,0,amusing<br>[sound:ukamusi001.mp3]
1783554174677,TOEIC英単語・意味,Basic,fill,0,0,0,analyse<br>[sound:ukamusi023.mp3]
1783554181054,TOEIC英単語・意味,Basic,fill,0,0,0,analysis<br>[sound:ukamusi025.mp3]
1783554187461,TOEIC英単語・意味,Basic,fill,0,0,0,announcement<br>[sound:ukanima030.mp3]
1783554193834,TOEIC英単語・意味,Basic,fill,0,0,0,annoying<br>[sound:ukannou005.mp3]
1783554200202,TOEIC英単語・意味,Basic,fill,0,0,0,annual<br>[sound:ukannou007.mp3]
1783554206519,TOEIC英単語・意味,Basic,fill,0,0,0,anticipate<br>[sound:ukantep026.mp3]
1783554212894,TOEIC英単語・意味,Basic,fill,0,0,0,anxious<br>[sound:ukantis012.mp3]
1783554219236,TOEIC英単語・意味,Basic,fill,0,0,0,apologize<br>[sound:ukapolo001.mp3]
1783554225984,TOEIC英単語・意味,Basic,fill,0,0,0,appeal<br>[sound:ukapolo023.mp3]
1783554232301,TOEIC英単語・意味,Basic,fill,0,0,0,appetizer<br>[sound:ukappen010.mp3]
1783554238665,TOEIC英単語・意味,Basic,fill,0,0,0,appliance<br>[sound:ukappen017.mp3]
1783554245043,TOEIC英単語・意味,Basic,fill,0,0,0,applicant<br>[sound:ukappen019.mp3]
1783554251393,TOEIC英単語・意味,Basic,fill,0,0,0,application<br>[sound:ukappen020.mp3]
1783554257706,TOEIC英単語・意味,Basic,fill,0,0,0,apply<br>[sound:ukappen024.mp3]
1783554264044,TOEIC英単語・意味,Basic,fill,0,0,0,appoint<br>[sound:ukappen025.mp3]
1783554270439,TOEIC英単語・意味,Basic,fill,0,0,0,appointment<br>[sound:ukappen028.mp3]
1783554276785,TOEIC英単語・意味,Basic,fill,0,0,0,appreciable<br>[sound:ukappra005.mp3]
1783554283125,TOEIC英単語・意味,Basic,fill,0,0,0,appreciate<br>[sound:ukappra007.mp3]
1783554289525,TOEIC英単語・意味,Basic,fill,0,0,0,appreciation<br>[sound:ukappra008.mp3]
1783554295885,TOEIC英単語・意味,Basic,fill,0,0,0,appreciative<br>[sound:ukappra009.mp3]
1783554302238,TOEIC英単語・意味,Basic,fill,0,0,0,apprentice<br>[sound:ukappra015.mp3]
1783554308586,TOEIC英単語・意味,Basic,fill,0,0,0,approach<br>[sound:ukappra018.mp3]
1783554314959,TOEIC英単語・意味,Basic,fill,0,0,0,appropriate<br>[sound:ukappra022.mp3]
1783554321341,TOEIC英単語・意味,Basic,fill,0,0,0,approve<br>[sound:ukappra028.mp3]
1783554327665,TOEIC英単語・意味,Basic,fill,0,0,0,approximate<br>[sound:ukappro004.mp3]
1783554334056,TOEIC英単語・意味,Basic,fill,0,0,0,arbitrate<br>[sound:ukaquat019.mp3]
1783554340402,TOEIC英単語・意味,Basic,fill,0,0,0,area<br>[sound:ukarchi015.mp3]
1783554346771,TOEIC英単語・意味,Basic,fill,0,0,0,argue<br>[sound:ukarchi026.mp3]
1783554353156,TOEIC英単語・意味,Basic,fill,0,0,0,argument<br>[sound:ukarchi027.mp3]
1783554359557,TOEIC英単語・意味,Basic,fill,0,0,0,arrange<br>[sound:ukarmho023.mp3]
1783554365942,TOEIC英単語・意味,Basic,fill,0,0,0,arrangement<br>[sound:ukarmho024.mp3]
1783554372288,TOEIC英単語・意味,Basic,fill,0,0,0,assemble<br>[sound:ukassau004.mp3]
1783554379674,TOEIC英単語・意味,Basic,fill,0,0,0,assess<br>[sound:ukassau013.mp3]
1783554386034,TOEIC英単語・意味,Basic,fill,0,0,0,asset<br>[sound:ukassau017.mp3]
1783554392391,TOEIC英単語・意味,Basic,fill,0,0,0,assign<br>[sound:ukassau022.mp3]
1783554398713,TOEIC英単語・意味,Basic,fill,0,0,0,assignment<br>[sound:ukassau024.mp3]
1783554405066,TOEIC英単語・意味,Basic,fill,0,0,0,assist<br>[sound:ukassau028.mp3]
1783554411461,TOEIC英単語・意味,Basic,fill,0,0,0,assistance<br>[sound:ukassau029.mp3]
1783554417796,TOEIC英単語・意味,Basic,fill,0,0,0,assume<br>[sound:ukassiz012.mp3]
1783554424240,TOEIC英単語・意味,Basic,fill,0,0,0,attach<br>[sound:ukatomi013.mp3]
1783554430658,TOEIC英単語・意味,Basic,fill,0,0,0,attachment<br>[sound:ukatomi016.mp3]
1783554436992,TOEIC英単語・意味,Basic,fill,0,0,0,attend<br>[sound:ukatomi023.mp3]
1783554443373,TOEIC英単語・意味,Basic,fill,0,0,0,attendance<br>[sound:ukatomi024.mp3]
1783554449690,TOEIC英単語・意味,Basic,fill,0,0,0,attentive<br>[sound:ukatomi028.mp3]
1783554456132,TOEIC英単語・意味,Basic,fill,0,0,0,attract<br>[sound:ukatten011.mp3]
1783554462533,TOEIC英単語・意味,Basic,fill,0,0,0,audience<br>[sound:ukaudac005.mp3]
1783554468976,TOEIC英単語・意味,Basic,fill,0,0,0,audit<br>[sound:ukaudac007.mp3]
